DMSO,Pitstop2
1.268231,0.100864
1.240354,-0.07413
2.171582,0.076377
2.175404,-0.45172