Outcome	Fraction
Edited	0.573922
Edited	0.582582
Edited	0.581734
Edited	0.57749
Unedited	0.424797
Unedited	0.416011
Unedited	0.416909
Unedited	0.421154
Indel	0.00128
Indel	0.001407
Indel	0.001356
Indel	0.001356